Mark,	31-Dec-21	,mark@demomail.com
Brian,	31-Dec-21	,Brian@demomail.com
Alan,	14-Jan-22,	Alan@demomail.com
Tony,	14-Jan-22,	Tony@demomail.com
Agatha,	01-Feb-22,	Agatha@demomail.com
Lana,	01-Feb-22	,Lana@demomail.com
Heather,	04-Aug-22	,Heather@demomail.com
Ben,	04-Aug-22	,Ben@demomail.com
Caitlyn,	01-Mar-22,	Caitlyn@demomail.com
Gibbs	,01-Mar-22	,Gibbs@demomail.com
Anderson,	01-Mar-22	,Anderson@demomail.com
Michael,	01-Mar-22	,Michael@demomail.com
David,	15-Mar-22,	David@demomail.com
Jacob,	15-Mar-22	,Jacob@demomail.com
John,	01-Apr-22	,John@demomail.com
Leonardo,	01-Apr-22,	Leonardo@demomail.com
Matthew,	17-Apr-22,	Matthew@demomail.com
Joana	,01-Jun-22,	Joana@demomail.com
Ross,	02-Jul-22	,Ross@demomail.com
Joey,	15-Jul-22,	Joey@demomail.com
Jack,	03-Jan-22	,Jack@demomail.com